"a","PyPhanon Exit","","","1667507193875","PyPhanon Exit","1.1.10 for 2019-2020 @t1"
"a","PyPhanon Exit","","","1667507272218","PyPhanon Exit","1.1.12 for 2019-2020 @t1"
"a","PyPhanon Exit","","","1667507905453","PyPhanon Exit","1.1.12 for 2019-2020 @t1"
"a","PyPhanon Exit","","","1667509479263","PyPhanon Exit","1.1.12 for 2019-2020 @t1"
"a","PyPhanon Exit","","","1668011479131","PyPhanon Exit","1.1.12 for 2019-2020 @t1"
"a","PyPhanon Exit","","","1668012339814","PyPhanon Exit","1.1.12 for 2019-2020 @t1"
"a","PyPhanon Exit","","","1668509409476","PyPhanon Exit","1.1.12 for 2019-2020 @t1"
"a","PyPhanon Exit","","","1668592628687","PyPhanon Exit","1.1.12 for 2019-2020 @t1"
"a","PyPhanon Exit","","","1668615969807","PyPhanon Exit","1.1.12 for 2019-2020 @t1"
"a","PyPhanon Exit","","","1668702516954","PyPhanon Exit","1.1.12 for 2019-2020 @t1"
"a","PyPhanon Exit","","","1669064130231","PyPhanon Exit","1.1.12 for 2019-2020 @t1"
"a","PyPhanon Exit","","","1669107500492","PyPhanon Exit","1.1.12 for 2019-2020 @t1"
"a","PyPhanon Exit","","","1669116834434","PyPhanon Exit","1.1.12 for 2019-2020 @t1"
